Date,ticker,ISIN,totalwrds,partwrds,RVT,positivescore,negativescore,fearscore,findownscore,finupscore,finhypescore,finvolatilescore,certaintyscore,uncertaintyscore,positivePartscr,negativePartscr,fearPartscr,findownPartscr,finupPartscr,finhypePartscr,finvolatilePartscr,certaintyPartscr,uncertaintyPartscr,Open,High,Low,Close,Adj Close,Volume
2017-01-03,DIS,US2546871060,1174.0,965.0,0.2779,0.0225,0.0160,0.0025,0.0121,0.0241,0.0066,0.0091,0.0012,0.0096,0.0226,0.0173,0.0031,0.0116,0.0264,0.0065,0.0100,0.0014,0.0092,105.300003,106.900002,105.209999,106.08000200000001,104.45639,8884300.0
2017-01-04,DIS,US2546871060,456.0,308.0,0.0568,0.0022,0.0702,0.0000,0.0022,0.0000,0.0066,0.0044,0.0000,0.0022,0.0032,0.0649,0.0000,0.0000,0.0000,0.0032,0.0032,0.0000,0.0032,106.639999,107.5,106.25,107.440002,105.79557,8322000.0
2017-01-05,DIS,US2546871060,1090.0,1018.0,0.0403,0.0129,0.0009,0.0000,0.0000,0.0037,0.0138,0.0000,0.0073,0.0009,0.0128,0.0009,0.0000,0.0000,0.0039,0.0137,0.0000,0.0078,0.0009,107.16999799999999,107.620003,106.790001,107.379997,105.736488,6303000.0
2017-01-06,DIS,US2546871060,2991.0,1923.0,0.3666,0.0126,0.0124,0.0009,0.0073,0.0107,0.0092,0.0150,0.0031,0.0092,0.0109,0.0128,0.0015,0.0093,0.0104,0.0093,0.0123,0.0028,0.0103,108.019997,109.349998,107.75,108.980003,107.312004,9551300.0
2017-01-09,DIS,US2546871060,1955.0,1772.0,0.2291,0.0164,0.0073,0.0,0.0042,0.0081,0.0050,0.0044,0.0015,0.0107,0.0175,0.008,0.0,0.0046,0.0089,0.0074,0.0063,0.004,0.0089,108.58000200000001,108.83000200000001,108.110001,108.360001,106.70149199999999,6193400.0
2017-01-10,DIS,US2546871060,391.0,334.0,0.1251,0.0205,0.0153,0.0000,0.0153,0.0204,0.0051,0.0077,0.0051,0.0128,0.0239,0.0180,0.0000,0.0150,0.0209,0.0060,0.0090,0.0060,0.0149,107.900002,108.82,107.349998,108.379997,106.72118400000001,7901900.0
2017-01-12,DIS,US2546871060,349.0,283.0,0.2208,0.0344,0.0401,0.0000,0.0373,0.0458,0.0057,0.0115,0.0029,0.0172,0.0353,0.0424,0.0000,0.0389,0.0530,0.0070,0.0141,0.0035,0.0177,108.120003,109.0,107.43,107.529999,105.884193,8218900.0
2017-01-13,DIS,US2546871060,1035.0,872.0,0.0854,0.0078,0.0415,0.0000,0.0125,0.0068,0.0183,0.0029,0.0145,0.0145,0.0092,0.0436,0.0000,0.0126,0.0080,0.0206,0.0035,0.0149,0.0149,107.160004,108.349998,106.900002,108.059998,106.40608200000001,6489000.0
2017-01-17,DIS,US2546871060,139.0,88.0,0.1420,0.0288,0.0072,0.0072,0.0000,0.0072,0.0215,0.0072,0.0000,0.0144,0.0455,0.0114,0.0114,0.0000,0.0000,0.0341,0.0114,0.0000,0.0227,107.910004,108.93,107.650002,107.970001,106.31745900000001,7583100.0
2017-01-18,DIS,US2546871060,573.0,443.0,0.2088,0.0035,0.0105,0.0000,0.0175,0.0087,0.0227,0.0035,0.0140,0.0000,0.0045,0.0113,0.0000,0.0158,0.0068,0.0271,0.0045,0.0158,0.0000,106.93,108.400002,106.809998,108.160004,106.50455500000001,7162900.0
2017-01-20,DIS,US2546871060,301.0,280.0,0.1930,0.0033,0.0033,0.0000,0.0000,0.0000,0.0000,0.0033,0.0066,0.0000,0.0036,0.0036,0.0000,0.0000,0.0000,0.0000,0.0036,0.0071,0.0000,107.349998,107.82,107.18,107.660004,106.012207,5649000.0
2017-01-23,DIS,US2546871060,2944.0,2385.0,0.2029,0.0102,0.0268,0.0014,0.0116,0.0119,0.0111,0.0068,0.0019,0.0065,0.0097,0.0269,0.0013,0.0101,0.0121,0.0122,0.0093,0.0063,0.0063,107.339996,107.68,106.57,107.120003,105.480476,5716600.0
2017-01-24,DIS,US2546871060,1484.0,1264.0,0.1683,0.0209,0.0094,0.0014,0.0047,0.0088,0.0121,0.0047,0.0094,0.0027,0.0222,0.0111,0.0008,0.0048,0.0079,0.0087,0.0055,0.0071,0.0016,107.199997,108.059998,107.08000200000001,107.900002,106.248535,5456100.0
2017-01-25,DIS,US2546871060,219.0,132.0,0.1703,0.0366,0.0046,0.0000,0.0046,0.0183,0.0228,0.0091,0.0137,0.0046,0.0303,0.0076,0.0000,0.0000,0.0076,0.0227,0.0000,0.0152,0.0076,108.230003,108.41999799999999,108.0,108.040001,106.38639099999999,6180200.0
2017-02-02,DIS,US2546871060,4820.0,3693.0,0.0499,0.0135,0.0147,0.0008,0.0075,0.027,0.0077,0.0039,0.0019,0.0081,0.0119,0.0149,0.0011,0.0068,0.0265,0.0146,0.0062,0.0065,0.0076,111.209999,111.540001,110.550003,110.610001,108.91705300000001,6515900.0
2017-02-03,DIS,US2546871060,335.0,272.0,0.0743,0.0269,0.0119,0.0000,0.0030,0.0149,0.0030,0.0030,0.0000,0.0000,0.0331,0.0074,0.0000,0.0037,0.0110,0.0037,0.0037,0.0000,0.0000,110.900002,111.150002,110.209999,110.300003,108.611801,7923400.0
2017-02-06,DIS,US2546871060,1798.0,1450.0,0.3041,0.0139,0.0156,0.0011,0.0023,0.0222,0.0192,0.0092,0.0020,0.0111,0.0159,0.0146,0.0014,0.0027,0.0275,0.0131,0.0104,0.0021,0.0111,109.91999799999999,110.150002,109.300003,109.57,107.892975,6896300.0
2017-02-07,DIS,US2546871060,4213.0,4982.0,0.3097,0.0162,0.0213,0.0006,0.0248,0.0289,0.0130,0.0045,0.0085,0.0121,0.0154,0.0165,0.0003,0.0170,0.0262,0.0099,0.0037,0.0067,0.0115,109.650002,109.730003,108.769997,109.0,107.331696,10184800.0
2017-02-08,DIS,US2546871060,536.0,456.0,0.2725,0.0261,0.0261,0.0000,0.0242,0.0187,0.0168,0.0019,0.0075,0.0112,0.0285,0.0263,0.0000,0.0175,0.0197,0.0175,0.0022,0.0088,0.0132,109.559998,111.41999799999999,108.980003,109.0,107.331696,13615500.0
2017-02-09,DIS,US2546871060,912.0,834.0,0.2309,0.0252,0.0274,0.0000,0.0198,0.0187,0.0285,0.0033,0.0110,0.0143,0.0264,0.0288,0.0000,0.0144,0.0192,0.0276,0.0012,0.0120,0.0156,109.0,109.849998,109.0,109.489998,107.814194,6369700.0
2017-02-10,DIS,US2546871060,3236.0,3020.0,0.1271,0.0127,0.0074,0.0009,0.0019,0.0068,0.0207,0.0022,0.0146,0.0148,0.0126,0.0079,0.0010,0.0017,0.0067,0.0222,0.0020,0.0156,0.0159,109.349998,109.800003,108.58000200000001,109.260002,107.587723,7671800.0
2017-02-14,DIS,US2546871060,4533.0,3765.0,0.3154,0.0147,0.0265,0.0013,0.0042,0.0135,0.0085,0.0031,0.0037,0.009,0.0157,0.0289,0.0016,0.0045,0.0141,0.0101,0.0035,0.0048,0.0093,109.800003,110.33000200000001,109.529999,110.33000200000001,108.641342,4764100.0
2017-02-15,DIS,US2546871060,1830.0,1655.0,0.2009,0.0065,0.0292,0.0007,0.0007,0.0103,0.0176,0.0057,0.0067,0.0129,0.0072,0.0289,0.0008,0.0008,0.0103,0.0166,0.0035,0.0075,0.0119,109.910004,110.68,109.800003,110.18,108.493629,7087100.0
2017-02-16,DIS,US2546871060,647.0,562.0,0.0563,0.0201,0.0185,0.0000,0.0015,0.0046,0.0216,0.0031,0.0108,0.0031,0.0231,0.0178,0.0000,0.0018,0.0036,0.0160,0.0036,0.0089,0.0036,110.339996,110.870003,110.089996,110.709999,109.015518,7179600.0
2017-02-17,DIS,US2546871060,276.0,199.0,0.2287,0.0036,0.0399,0.0000,0.0072,0.0072,0.0181,0.0036,0.0109,0.0072,0.0000,0.0553,0.0000,0.0101,0.0101,0.0000,0.0050,0.0050,0.0000,110.239998,110.5,109.519997,110.059998,108.375473,6349200.0
2017-02-21,DIS,US2546871060,562.0,458.0,0.1700,0.0040,0.0553,0.0040,0.0199,0.0124,0.0036,0.0067,0.0036,0.0013,0.0050,0.0545,0.0050,0.0151,0.0156,0.0022,0.0082,0.0022,0.0017,109.940002,110.209999,109.800003,110.010002,108.326241,5432700.0
2017-02-22,DIS,US2546871060,791.0,646.0,0.0853,0.0180,0.0025,0.0000,0.0013,0.0026,0.0142,0.0070,0.0084,0.0116,0.0157,0.0016,0.0000,0.0000,0.0031,0.0094,0.0071,0.0086,0.0110,109.690002,110.279999,109.529999,110.120003,108.434555,5478400.0
2017-02-23,DIS,US2546871060,975.0,814.0,0.2493,0.0144,0.0092,0.0000,0.0031,0.0144,0.0113,0.0072,0.0061,0.0051,0.0172,0.0110,0.0000,0.0037,0.0135,0.0123,0.0086,0.0061,0.0061,110.300003,110.489998,109.589996,109.730003,108.050529,5470400.0
2017-02-24,DIS,US2546871060,505.0,429.0,0.1811,0.0204,0.0113,0.0000,0.0045,0.0170,0.0145,0.0090,0.0065,0.0065,0.0232,0.0128,0.0000,0.0052,0.0193,0.0165,0.0103,0.0075,0.0075,109.620003,110.32,109.099998,110.32,108.63149299999999,4786800.0
2017-02-27,DIS,US2546871060,1483.0,1139.0,0.2941,0.0081,0.0168,0.0014,0.004,0.0047,0.0182,0.0048,0.0095,0.0121,0.0088,0.0149,0.0,0.0026,0.0062,0.0245,0.007,0.0088,0.0158,109.93,110.470001,109.83000200000001,110.230003,108.542877,3547700.0
2017-02-28,DIS,US2546871060,281.0,171.0,0.0952,0.0463,0.0142,0.0000,0.0107,0.0142,0.0285,0.0036,0.0000,0.0071,0.0526,0.0234,0.0000,0.0175,0.0175,0.0351,0.0058,0.0000,0.0117,110.0,110.400002,109.83000200000001,110.089996,108.405014,4766000.0
2017-03-01,DIS,US2546871060,3088.0,3021.0,0.2166,0.0178,0.0155,0.0000,0.0032,0.0123,0.0184,0.0026,0.0132,0.0185,0.0176,0.0146,0.0000,0.0033,0.0123,0.0193,0.0027,0.0137,0.0182,110.660004,111.800003,110.660004,111.040001,109.340477,7418100.0
2017-03-02,DIS,US2546871060,1380.0,1220.0,0.1346,0.0109,0.0196,0.0000,0.0029,0.0044,0.0145,0.0015,0.0123,0.0080,0.0107,0.0197,0.0000,0.0025,0.0049,0.0148,0.0017,0.0123,0.0082,111.0,111.209999,110.449997,110.589996,108.89736200000002,4715600.0
2017-03-03,DIS,US2546871060,212.0,184.0,0.1123,0.0000,0.0000,0.0000,0.0047,0.0000,0.0189,0.0000,0.0047,0.0000,0.0000,0.0000,0.0000,0.0000,0.0000,0.0109,0.0000,0.0000,0.0000,110.589996,111.5,110.040001,111.239998,109.537407,5837900.0
2017-03-06,DIS,US2546871060,172.0,134.0,0.0470,0.0233,0.0291,0.0000,0.0116,0.0174,0.0349,0.0058,0.0116,0.0116,0.0299,0.0299,0.0000,0.0075,0.0224,0.0373,0.0075,0.0075,0.0075,110.769997,110.980003,110.089996,110.66999799999999,108.97613500000001,4983200.0
2017-03-07,DIS,US2546871060,622.0,547.0,0.1501,0.0177,0.0257,0.0000,0.0145,0.0145,0.0129,0.0209,0.0096,0.0097,0.0165,0.0274,0.0000,0.0146,0.0146,0.0128,0.0238,0.0091,0.0110,110.699997,110.93,110.160004,110.860001,109.163223,5114400.0
2017-03-08,DIS,US2546871060,502.0,427.0,0.1156,0.0191,0.0145,0.0013,0.0052,0.0092,0.0112,0.0020,0.0026,0.0151,0.0213,0.0180,0.0017,0.0050,0.0083,0.0140,0.0023,0.0033,0.0189,110.870003,111.32,110.660004,110.839996,109.14353200000001,4929900.0
2017-03-09,DIS,US2546871060,748.0,636.0,0.0338,0.0067,0.0334,0.0000,0.0040,0.0080,0.0201,0.0013,0.0134,0.0214,0.0079,0.0362,0.0000,0.0047,0.0094,0.0220,0.0016,0.0126,0.0236,110.900002,111.32,110.690002,111.029999,109.330627,4005700.0
2017-03-10,DIS,US2546871060,75.0,46.0,0.0302,0.0000,0.0000,0.0000,0.0000,0.0000,0.0133,0.0000,0.0133,0.0000,0.0000,0.0000,0.0000,0.0000,0.0000,0.0217,0.0000,0.0217,0.0000,111.400002,111.5,110.690002,110.91999799999999,109.222305,4027400.0
2017-03-13,DIS,US2546871060,323.0,284.0,0.0437,0.0031,0.0093,0.0,0.0062,0.0124,0.0296,0.0000,0.0148,0.0093,0.0035,0.0105,0.0,0.0035,0.0141,0.0176,0.0,0.0071,0.0106,110.91999799999999,111.68,110.82,111.519997,109.81311799999999,5213600.0
2017-03-14,DIS,US2546871060,2187.0,1673.0,0.3792,0.0215,0.0544,0.0014,0.0096,0.0183,0.0110,0.0082,0.0069,0.0077,0.0191,0.0526,0.0018,0.0096,0.0173,0.0108,0.0096,0.0042,0.0084,111.730003,112.889999,111.720001,112.309998,110.59103400000001,7273500.0
2017-03-15,DIS,US2546871060,1536.0,1140.0,0.1011,0.0169,0.0736,0.0013,0.0066,0.0091,0.0104,0.0104,0.0091,0.0039,0.0123,0.0693,0.0018,0.0070,0.0070,0.0088,0.0123,0.0053,0.0035,112.43,112.449997,111.150002,111.870003,110.157776,5319500.0
2017-03-16,DIS,US2546871060,371.0,286.0,0.0084,0.0081,0.0108,0.0000,0.0054,0.0000,0.0135,0.0081,0.0027,0.0108,0.0070,0.0105,0.0000,0.0070,0.0000,0.0175,0.0035,0.0035,0.0140,112.18,112.32,111.400002,111.709999,110.000221,4409400.0
2017-03-17,DIS,US2546871060,147.0,109.0,0.0616,0.0000,0.0068,0.0000,0.0000,0.0000,0.0136,0.0000,0.0136,0.0000,0.0000,0.0092,0.0000,0.0000,0.0000,0.0183,0.0000,0.0183,0.0000,111.870003,112.089996,111.18,111.760002,110.049454,9061200.0
2017-03-20,DIS,US2546871060,3528.0,2737.0,0.2482,0.0206,0.0136,0.0012,0.004,0.0227,0.0123,0.0061,0.0027,0.0063,0.0184,0.0159,0.0015,0.0044,0.0227,0.0121,0.0082,0.0059,0.0062,112.07,113.160004,112.050003,112.709999,110.984917,8156300.0
2017-03-21,DIS,US2546871060,2013.0,1557.0,0.2596,0.0154,0.0219,0.0010,0.0094,0.0129,0.0201,0.0094,0.0056,0.0110,0.0128,0.0270,0.0013,0.0122,0.0128,0.0169,0.0109,0.0033,0.0116,112.970001,113.099998,111.540001,111.75,110.039604,7109800.0
2017-03-22,DIS,US2546871060,1178.0,1037.0,0.0775,0.0153,0.0017,0.0000,0.0017,0.0051,0.0152,0.0034,0.0127,0.0000,0.0145,0.0019,0.0000,0.0000,0.0039,0.0135,0.0039,0.0126,0.0000,111.849998,112.18,111.349998,112.08000200000001,110.36455500000001,5044700.0
2017-03-23,DIS,US2546871060,4147.0,3427.0,0.2224,0.0204,0.0164,0.0005,0.0013,0.0111,0.0246,0.0048,0.0157,0.0090,0.0218,0.0172,0.0006,0.0013,0.0112,0.0213,0.0057,0.0130,0.0086,111.709999,112.980003,111.660004,112.239998,110.52211000000001,8307900.0
2017-03-24,DIS,US2546871060,2481.0,2118.0,0.0545,0.0121,0.0235,0.0012,0.0056,0.0136,0.0154,0.0090,0.0086,0.0051,0.0130,0.0224,0.0014,0.0054,0.0133,0.0151,0.0104,0.0082,0.0039,112.400002,112.58000200000001,111.68,112.139999,110.42363,4707300.0
2017-03-27,DIS,US2546871060,4955.0,3750.0,0.1565,0.0219,0.0159,0.0004,0.0087,0.0216,0.0081,0.0074,0.0035,0.0072,0.0253,0.0157,0.0003,0.0081,0.0225,0.0129,0.0104,0.0048,0.0084,111.809998,112.550003,111.449997,112.379997,110.659958,4469800.0
2017-03-28,DIS,US2546871060,91.0,80.0,0.0159,0.0000,0.0000,0.0000,0.0110,0.0000,0.0000,0.0110,0.0000,0.0110,0.0000,0.0000,0.0000,0.0125,0.0000,0.0000,0.0125,0.0000,0.0125,112.599998,113.239998,112.019997,113.050003,111.319717,6280900.0
2017-03-29,DIS,US2546871060,98.0,86.0,0.0717,0.0102,0.0102,0.0000,0.0000,0.0102,0.0204,0.0102,0.0000,0.0306,0.0116,0.0116,0.0000,0.0000,0.0116,0.0233,0.0116,0.0000,0.0349,112.660004,112.940002,112.309998,112.529999,110.807671,3781200.0
2017-03-30,DIS,US2546871060,1339.0,1192.0,0.0781,0.0103,0.0134,0.0000,0.0018,0.0055,0.0024,0.0036,0.0006,0.0043,0.0118,0.0132,0.0000,0.0000,0.0062,0.0028,0.0042,0.0007,0.0049,112.529999,113.300003,112.279999,113.18,111.447723,4192800.0
2017-03-31,DIS,US2546871060,1298.0,1172.0,0.2174,0.0093,0.0162,0.0016,0.0062,0.0054,0.0092,0.0070,0.0015,0.0069,0.0102,0.0154,0.0017,0.0060,0.0043,0.0094,0.0077,0.0017,0.0051,113.0,113.709999,112.949997,113.389999,111.65451000000002,4617400.0
2017-04-03,DIS,US2546871060,1073.0,924.0,0.1900,0.0149,0.0149,0.0000,0.0047,0.0122,0.0112,0.0065,0.0093,0.0084,0.0141,0.0173,0.0000,0.0054,0.0119,0.0098,0.0065,0.0087,0.0086,113.18,113.650002,112.43,113.199997,111.46740700000001,4643300.0
2017-04-04,DIS,US2546871060,34.0,20.0,0.0555,0.0000,0.0000,0.0000,0.0000,0.0000,0.0000,0.0000,0.0000,0.0000,0.0000,0.0000,0.0000,0.0000,0.0000,0.0000,0.0000,0.0000,0.0000,113.150002,113.550003,112.83000200000001,113.040001,111.30986000000001,3386100.0
2017-04-05,DIS,US2546871060,948.0,751.0,0.2160,0.0298,0.0032,0.0011,0.0043,0.0281,0.0172,0.0151,0.0117,0.0021,0.0337,0.0040,0.0013,0.0054,0.0317,0.0176,0.0177,0.0108,0.0013,113.58000200000001,113.839996,112.790001,113.0,111.270477,4795100.0
2017-04-06,DIS,US2546871060,1163.0,1090.0,0.0244,0.0275,0.0026,0.0000,0.0026,0.0060,0.0198,0.0052,0.0077,0.0077,0.0266,0.0028,0.0000,0.0028,0.0064,0.0202,0.0046,0.0083,0.0073,112.849998,113.41999799999999,112.389999,113.050003,111.319717,4744000.0
2017-04-10,DIS,US2546871060,1390.0,1173.0,0.2233,0.0202,0.0115,0.0000,0.0086,0.0130,0.0130,0.0086,0.0043,0.0079,0.0230,0.0128,0.0000,0.0103,0.0153,0.0154,0.0102,0.0051,0.0094,112.800003,112.889999,112.040001,112.43,110.709198,4053600.0
2017-04-11,DIS,US2546871060,176.0,138.0,0.1989,0.0292,0.0121,0.0000,0.0063,0.0526,0.0063,0.0008,0.0059,0.0059,0.0362,0.0145,0.0000,0.0072,0.0652,0.0072,0.0000,0.0072,0.0072,113.68,113.83000200000001,112.589996,113.07,111.339401,5230800.0
2017-04-13,DIS,US2546871060,2290.0,2047.0,0.4051,0.0145,0.0035,0.0006,0.0071,0.0075,0.0134,0.0041,0.0089,0.0061,0.0157,0.0038,0.0005,0.0080,0.0073,0.0150,0.0038,0.0099,0.0063,113.040001,114.25,112.989998,113.199997,111.46740700000001,6530800.0
2017-04-17,DIS,US2546871060,2765.0,2141.0,0.1375,0.0337,0.0242,0.0,0.0037,0.013,0.0271,0.0000,0.0078,0.0182,0.0336,0.0243,0.0,0.0047,0.0126,0.028,0.007,0.0093,0.0219,113.33000200000001,113.940002,113.220001,113.779999,112.03853600000001,5120200.0
2017-04-18,DIS,US2546871060,954.0,824.0,0.1155,0.0200,0.0197,0.0000,0.0041,0.0057,0.0174,0.0059,0.0106,0.0037,0.0158,0.0166,0.0000,0.0048,0.0061,0.0192,0.0043,0.0113,0.0043,113.480003,114.75,113.0,114.190002,112.44226100000002,6191100.0
2017-04-20,DIS,US2546871060,1144.0,1014.0,0.1661,0.0280,0.0131,0.0000,0.0105,0.0236,0.0114,0.0018,0.0087,0.0061,0.0267,0.0109,0.0000,0.0089,0.0237,0.0128,0.0020,0.0098,0.0069,114.16999799999999,115.050003,113.870003,114.790001,113.03308100000001,5279300.0
2017-04-21,DIS,US2546871060,90.0,62.0,0.0147,0.0111,0.0000,0.0000,0.0000,0.0111,0.0111,0.0000,0.0111,0.0000,0.0161,0.0000,0.0000,0.0000,0.0161,0.0161,0.0000,0.0161,0.0000,114.379997,115.120003,114.269997,114.440002,112.68843100000001,6654500.0
2017-04-24,DIS,US2546871060,1294.0,1095.0,0.3484,0.0039,0.0039,0.0000,0.0023,0.0100,0.0023,0.0039,0.0023,0.0008,0.0045,0.0018,0.0000,0.0000,0.0091,0.0027,0.0037,0.0027,0.0009,115.260002,115.379997,113.660004,113.699997,111.959763,7294600.0
2017-04-25,DIS,US2546871060,799.0,673.0,0.0524,0.0112,0.0063,0.0000,0.0038,0.0088,0.0400,0.0075,0.0162,0.0125,0.0134,0.0074,0.0000,0.0044,0.0074,0.0387,0.0089,0.0179,0.0104,113.730003,115.519997,113.68,115.18,113.417107,6918300.0
2017-04-26,DIS,US2546871060,4189.0,3552.0,0.3831,0.0170,0.0106,0.0006,0.0083,0.0098,0.0307,0.0058,0.0143,0.0096,0.0186,0.0121,0.0008,0.0097,0.0090,0.0261,0.0068,0.0134,0.0073,115.400002,115.959999,114.860001,115.58000200000001,113.81098899999999,4809800.0
2017-04-27,DIS,US2546871060,2946.0,2200.0,0.4192,0.0085,0.0373,0.0007,0.0163,0.0095,0.0160,0.0112,0.0136,0.0068,0.0100,0.0409,0.0009,0.0164,0.0095,0.0136,0.0123,0.0118,0.0050,115.800003,116.099998,115.389999,115.839996,114.067001,3910800.0
2017-04-28,DIS,US2546871060,746.0,619.0,0.0346,0.0174,0.0188,0.0000,0.0040,0.0134,0.0188,0.0121,0.0080,0.0121,0.0178,0.0194,0.0000,0.0048,0.0162,0.0178,0.0145,0.0048,0.0129,115.870003,115.900002,115.239998,115.599998,113.83068100000001,3947400.0
2017-05-01,DIS,US2546871060,1686.0,1244.0,0.0236,0.0211,0.0223,0.0036,0.006,0.025,0.0563,0.0141,0.0282,0.0108,0.0213,0.0217,0.0049,0.0048,0.0282,0.0165,0.0164,0.0072,0.0096,115.589996,115.610001,114.720001,114.730003,112.97399899999999,4963300.0
2017-05-02,DIS,US2546871060,178.0,144.0,0.0381,0.0056,0.0056,0.0000,0.0000,0.0169,0.0281,0.0112,0.0225,0.0056,0.0069,0.0069,0.0000,0.0000,0.0208,0.0069,0.0139,0.0069,0.0000,114.870003,114.989998,113.68,114.370003,112.61950700000001,6604600.0
2017-05-03,DIS,US2546871060,397.0,324.0,0.2677,0.0101,0.0101,0.0000,0.0076,0.0277,0.0251,0.0050,0.0075,0.0202,0.0092,0.0124,0.0000,0.0093,0.0340,0.0185,0.0062,0.0093,0.0154,114.029999,114.089996,111.18,111.620003,109.911598,11521200.0
2017-05-04,DIS,US2546871060,308.0,266.0,0.0429,0.0260,0.0130,0.0000,0.0098,0.0325,0.0293,0.0000,0.0130,0.0163,0.0301,0.0150,0.0000,0.0113,0.0301,0.0263,0.0000,0.0150,0.0113,110.58000200000001,111.300003,109.059998,111.16999799999999,109.468483,10691200.0
2017-05-08,DIS,US2546871060,5067.0,4578.0,0.2976,0.0169,0.0292,0.0021,0.0125,0.0174,0.0285,0.0061,0.0154,0.0225,0.0174,0.0293,0.0024,0.0119,0.0187,0.0261,0.0101,0.0117,0.0201,112.389999,112.389999,111.0,111.41999799999999,109.714653,5980100.0
2017-05-09,DIS,US2546871060,4622.0,3765.0,0.8075,0.0171,0.0281,0.0011,0.0240,0.0275,0.0128,0.0041,0.0072,0.0132,0.0170,0.0303,0.0013,0.0258,0.0260,0.0101,0.0045,0.0072,0.0109,111.550003,112.150002,110.349998,112.07,110.35470600000001,9337400.0
2017-05-10,DIS,US2546871060,1536.0,1223.0,0.2779,0.0174,0.0318,0.0006,0.0206,0.0297,0.0116,0.0101,0.0073,0.0055,0.0209,0.0310,0.0008,0.0203,0.0299,0.0085,0.0094,0.0086,0.0010,109.0,109.660004,108.129997,109.660004,107.98159799999999,17061100.0
2017-05-11,DIS,US2546871060,1064.0,933.0,0.2154,0.0151,0.0263,0.0019,0.0122,0.0207,0.0169,0.0057,0.0075,0.0085,0.0140,0.0279,0.0022,0.0118,0.0171,0.0161,0.0065,0.0054,0.0075,109.739998,110.010002,108.5,109.58000200000001,107.902817,8021300.0
2017-05-12,DIS,US2546871060,90.0,78.0,0.0492,0.0000,0.0000,0.0000,0.0000,0.0222,0.0556,0.0111,0.0333,0.0333,0.0000,0.0000,0.0000,0.0000,0.0256,0.0513,0.0128,0.0385,0.0256,109.800003,109.889999,109.269997,109.690002,108.01113899999999,5067700.0
2017-05-15,DIS,US2546871060,5298.0,4361.0,0.4161,0.0105,0.0154,0.0011,0.0091,0.0263,0.0082,0.0074,0.0031,0.0131,0.0097,0.0148,0.0011,0.009,0.0227,0.0097,0.0057,0.0041,0.0079,109.730003,110.08000200000001,109.120003,109.129997,107.459709,6241300.0
2017-05-16,DIS,US2546871060,4747.0,3900.0,0.3030,0.0205,0.0245,0.0011,0.0061,0.0134,0.0191,0.0066,0.0077,0.0145,0.0218,0.0212,0.0014,0.0050,0.0133,0.0169,0.0057,0.0055,0.0133,109.129997,109.230003,107.82,107.980003,106.327316,10047100.0
2017-05-17,DIS,US2546871060,2016.0,1724.0,0.3546,0.0167,0.0284,0.0022,0.0115,0.0156,0.0207,0.0104,0.0059,0.0159,0.0177,0.0266,0.0026,0.0099,0.0159,0.0186,0.0104,0.0063,0.0128,107.980003,107.980003,105.230003,106.309998,104.682869,12763200.0
2017-05-19,DIS,US2546871060,113.0,86.0,0.1200,0.0265,0.0796,0.0088,0.0177,0.0000,0.0265,0.0000,0.0088,0.0088,0.0349,0.0814,0.0116,0.0116,0.0000,0.0233,0.0000,0.0116,0.0000,106.760002,107.860001,106.699997,107.519997,105.874344,6336700.0
2017-05-22,DIS,US2546871060,3563.0,2782.0,0.1330,0.0129,0.0148,0.0009,0.009,0.0219,0.0161,0.0101,0.0054,0.0135,0.0083,0.0155,0.0011,0.0115,0.0194,0.0172,0.0086,0.0054,0.0119,107.650002,108.199997,107.410004,107.629997,105.982658,5487200.0
2017-05-23,DIS,US2546871060,790.0,663.0,0.1925,0.0131,0.0333,0.0065,0.0213,0.0205,0.0195,0.0121,0.0079,0.0065,0.0129,0.0307,0.0077,0.0208,0.0187,0.0194,0.0143,0.0093,0.0039,107.68,107.800003,106.910004,107.019997,105.381996,7542600.0
2017-05-24,DIS,US2546871060,546.0,474.0,0.2082,0.0110,0.0183,0.0018,0.0092,0.0220,0.0165,0.0092,0.0092,0.0073,0.0105,0.0169,0.0021,0.0105,0.0211,0.0169,0.0105,0.0105,0.0063,107.150002,107.83000200000001,106.93,107.709999,106.06143999999999,4366700.0
2017-05-25,DIS,US2546871060,91.0,82.0,0.1041,0.0220,0.0000,0.0000,0.0000,0.0440,0.0220,0.0000,0.0110,0.0220,0.0244,0.0000,0.0000,0.0000,0.0488,0.0122,0.0000,0.0122,0.0122,108.129997,108.129997,106.779999,107.269997,105.628174,8030400.0
2017-05-30,DIS,US2546871060,1922.0,1556.0,0.5222,0.0255,0.0146,0.0005,0.0093,0.0161,0.0214,0.0064,0.0128,0.0089,0.0257,0.016,0.0,0.0115,0.0192,0.0122,0.007,0.0096,0.0039,108.489998,108.599998,107.949997,108.339996,106.681793,4813400.0
2017-05-31,DIS,US2546871060,2176.0,1742.0,0.3538,0.0198,0.0193,0.0014,0.0110,0.0229,0.0257,0.0064,0.0152,0.0166,0.0178,0.0184,0.0000,0.0138,0.0270,0.0213,0.0074,0.0166,0.0086,108.400002,108.650002,107.639999,107.940002,106.28791799999999,9963600.0
2017-06-01,DIS,US2546871060,5531.0,4072.0,0.3061,0.0202,0.0293,0.0038,0.0063,0.0215,0.0212,0.0101,0.0056,0.0109,0.0169,0.0324,0.0037,0.0069,0.0201,0.0226,0.0108,0.0059,0.0103,107.730003,108.209999,107.16999799999999,108.209999,106.55378700000001,5907400.0
2017-06-02,DIS,US2546871060,1525.0,1236.0,0.1686,0.0190,0.0269,0.0020,0.0118,0.0151,0.0190,0.0066,0.0052,0.0157,0.0154,0.0291,0.0024,0.0146,0.0154,0.0218,0.0065,0.0057,0.0178,108.459999,108.639999,106.949997,107.18,105.539551,10876900.0
2017-06-05,DIS,US2546871060,3809.0,2780.0,0.2695,0.0129,0.0328,0.0013,0.0095,0.0165,0.0142,0.0013,0.0061,0.0102,0.0122,0.0349,0.0018,0.0108,0.0165,0.0147,0.005,0.0061,0.0108,107.040001,107.220001,106.110001,106.519997,104.889648,6372800.0
2017-06-06,DIS,US2546871060,5039.0,4276.0,0.3777,0.0167,0.0119,0.0006,0.0060,0.0175,0.0111,0.0101,0.0066,0.0079,0.0166,0.0124,0.0007,0.0063,0.0185,0.0115,0.0103,0.0070,0.0084,106.16999799999999,106.190002,104.610001,105.5,103.885269,9589500.0
2017-06-07,DIS,US2546871060,505.0,437.0,0.0221,0.0079,0.0238,0.0000,0.0198,0.0475,0.0198,0.0000,0.0119,0.0118,0.0092,0.0229,0.0000,0.0183,0.0458,0.0183,0.0000,0.0091,0.0137,105.790001,106.25,105.540001,105.91999799999999,104.298836,5777700.0
2017-06-08,DIS,US2546871060,2931.0,2322.0,0.2593,0.0177,0.0095,0.0000,0.0027,0.0075,0.0191,0.0061,0.0144,0.0027,0.0181,0.0086,0.0000,0.0008,0.0086,0.0198,0.0060,0.0164,0.0017,105.91999799999999,105.91999799999999,104.160004,104.32,102.72332800000001,10953000.0
2017-06-09,DIS,US2546871060,1574.0,1093.0,0.1812,0.0115,0.0140,0.0000,0.0045,0.0083,0.0197,0.0121,0.0095,0.0064,0.0100,0.0137,0.0000,0.0027,0.0091,0.0192,0.0119,0.0100,0.0055,104.279999,105.91999799999999,104.08000200000001,105.620003,104.003433,9392500.0
2017-06-12,DIS,US2546871060,6206.0,4309.0,0.5083,0.0202,0.0129,0.0018,0.0073,0.0292,0.0020,0.0010,0.0000,0.0127,0.02,0.0119,0.0019,0.006,0.0297,0.0179,0.0074,0.0067,0.0126,105.620003,107.199997,105.620003,107.040001,105.40169499999999,8049500.0
2017-06-13,DIS,US2546871060,1338.0,1123.0,0.1954,0.0194,0.0120,0.0000,0.0097,0.0083,0.0232,0.0008,0.0209,0.0030,0.0187,0.0133,0.0000,0.0098,0.0089,0.0232,0.0009,0.0196,0.0036,107.139999,107.260002,106.160004,106.559998,104.92903899999999,4918900.0
2017-06-14,DIS,US2546871060,3397.0,2206.0,0.2854,0.0253,0.0453,0.0003,0.0112,0.0162,0.0409,0.0159,0.0277,0.0112,0.0258,0.0512,0.0005,0.0118,0.0176,0.0381,0.0217,0.0258,0.0105,106.949997,107.010002,105.760002,106.139999,104.515472,4781100.0
2017-06-15,DIS,US2546871060,1970.0,1570.0,0.1316,0.0218,0.0244,0.0000,0.0066,0.0091,0.0391,0.0086,0.0304,0.0066,0.0211,0.0223,0.0000,0.0058,0.0083,0.0376,0.0095,0.0299,0.0051,105.940002,106.160004,105.230003,105.980003,104.35791800000001,5309900.0
2017-06-16,DIS,US2546871060,627.0,542.0,0.1997,0.0207,0.0335,0.0000,0.0223,0.0271,0.0207,0.0096,0.0048,0.0112,0.0203,0.0314,0.0000,0.0203,0.0240,0.0184,0.0092,0.0056,0.0092,106.279999,106.349998,104.769997,105.510002,103.895111,8683400.0
2017-06-19,DIS,US2546871060,2089.0,1532.0,0.2504,0.0182,0.0277,0.0,0.0067,0.0086,0.0063,0.0095,0.0042,0.0076,0.019,0.0287,0.0,0.0052,0.0085,0.0229,0.0157,0.0143,0.0072,105.599998,106.0,105.190002,105.370003,103.75725600000001,5956200.0
2017-06-20,DIS,US2546871060,2181.0,2021.0,0.1381,0.0151,0.0096,0.0000,0.0027,0.0050,0.0184,0.0059,0.0151,0.0018,0.0164,0.0074,0.0000,0.0030,0.0054,0.0178,0.0064,0.0144,0.0020,105.07,105.300003,103.809998,103.940002,102.349144,7895700.0
2017-06-21,DIS,US2546871060,929.0,841.0,0.0705,0.0065,0.0151,0.0000,0.0205,0.0226,0.0086,0.0043,0.0011,0.0086,0.0071,0.0166,0.0000,0.0226,0.0214,0.0083,0.0036,0.0012,0.0083,104.389999,105.08000200000001,103.540001,104.800003,103.195984,7765700.0
2017-06-22,DIS,US2546871060,687.0,628.0,0.0235,0.0204,0.0073,0.0000,0.0044,0.0058,0.0073,0.0000,0.0058,0.0000,0.0207,0.0080,0.0000,0.0016,0.0064,0.0064,0.0000,0.0048,0.0000,104.709999,104.769997,104.089996,104.220001,102.62485500000001,6156000.0
2017-06-26,DIS,US2546871060,1003.0,890.0,0.2822,0.0110,0.0210,0.0000,0.0150,0.0110,0.0190,0.0060,0.0110,0.0020,0.0124,0.0225,0.0000,0.0124,0.0124,0.0191,0.0067,0.0112,0.0023,104.599998,105.849998,104.559998,105.57,103.954193,5867000.0
2017-06-27,DIS,US2546871060,2130.0,1940.0,0.2433,0.0172,0.0131,0.0000,0.0068,0.0062,0.0198,0.0073,0.0123,0.0041,0.0188,0.0134,0.0000,0.0057,0.0062,0.0202,0.0076,0.0131,0.0036,105.33000200000001,106.150002,105.139999,105.410004,103.796646,5694500.0
2017-06-28,DIS,US2546871060,1626.0,1342.0,0.2695,0.0092,0.0596,0.0000,0.0012,0.0061,0.0000,0.0012,0.0031,0.0018,0.0112,0.0596,0.0000,0.0015,0.0053,0.0000,0.0015,0.0038,0.0022,106.019997,107.540001,104.519997,106.860001,105.22444899999999,7874400.0
2017-06-29,DIS,US2546871060,1130.0,954.0,0.0926,0.0088,0.0655,0.0000,0.0018,0.0053,0.0018,0.0018,0.0035,0.0035,0.0105,0.0671,0.0000,0.0021,0.0042,0.0021,0.0021,0.0042,0.0042,106.800003,107.410004,105.33000200000001,105.709999,104.092049,7268700.0
2017-06-30,DIS,US2546871060,819.0,653.0,0.1718,0.0086,0.0317,0.0012,0.0086,0.0061,0.0159,0.0146,0.0122,0.0049,0.0077,0.0352,0.0015,0.0062,0.0062,0.0153,0.0153,0.0107,0.0030,106.25,106.559998,105.5,106.25,104.623787,5113800.0
2017-07-03,DIS,US2546871060,4047.0,3163.0,0.3962,0.0124,0.0195,0.0015,0.0089,0.015,0.0224,0.0107,0.0104,0.0107,0.0088,0.0177,0.0019,0.0066,0.0139,0.0237,0.012,0.0111,0.0117,106.760002,108.620003,106.760002,107.459999,105.815269,5399400.0
2017-07-05,DIS,US2546871060,6808.0,5909.0,0.4217,0.0113,0.0272,0.0044,0.0121,0.0176,0.0139,0.0152,0.0101,0.0064,0.0107,0.0269,0.0044,0.0111,0.0171,0.0127,0.0179,0.0094,0.0067,107.83000200000001,107.849998,105.290001,105.629997,104.013275,8049700.0
2017-07-06,DIS,US2546871060,776.0,469.0,0.1363,0.0052,0.0206,0.0000,0.0258,0.0129,0.0167,0.0090,0.0000,0.0052,0.0042,0.0235,0.0000,0.0128,0.0106,0.0149,0.0000,0.0000,0.0064,104.610001,104.690002,102.940002,103.349998,102.525246,8690800.0
2017-07-07,DIS,US2546871060,2298.0,1600.0,0.1975,0.0074,0.0201,0.0000,0.0122,0.0178,0.0139,0.0065,0.0013,0.0078,0.0081,0.0175,0.0000,0.0057,0.0163,0.0132,0.0019,0.0019,0.0081,103.510002,103.730003,102.720001,103.32,102.495483,6030900.0
2017-07-10,DIS,US2546871060,2732.0,1863.0,0.2299,0.0315,0.0157,0.0025,0.0124,0.007,0.0144,0.0139,0.0072,0.0084,0.0311,0.0198,0.0037,0.0166,0.0102,0.0166,0.0204,0.0069,0.0123,103.300003,103.910004,102.870003,103.589996,102.76332099999999,4421300.0
2017-07-27,DIS,US2546871060,986.0,898.0,0.0708,0.0162,0.0192,0.0000,0.0051,0.0061,0.0152,0.0061,0.0091,0.0041,0.0178,0.0178,0.0000,0.0045,0.0067,0.0133,0.0056,0.0089,0.0022,107.690002,110.0,107.440002,110.0,109.12217700000001,10468700.0
2017-07-28,DIS,US2546871060,578.0,526.0,0.0772,0.0052,0.0450,0.0017,0.0121,0.0087,0.0121,0.0138,0.0052,0.0138,0.0057,0.0437,0.0019,0.0076,0.0076,0.0133,0.0152,0.0057,0.0152,109.980003,110.190002,109.66999799999999,109.959999,109.082497,4864500.0
2017-07-31,DIS,US2546871060,4714.0,3347.0,0.2746,0.0167,0.0246,0.0002,0.0157,0.028,0.0130,0.0085,0.0026,0.015,0.0167,0.0266,0.0,0.0119,0.0239,0.0236,0.006,0.0066,0.0149,110.019997,110.139999,109.339996,109.93,109.05273400000002,6815300.0
2017-08-01,DIS,US2546871060,1626.0,1072.0,0.1925,0.0101,0.0151,0.0000,0.0055,0.0224,0.0118,0.0090,0.0052,0.0056,0.0151,0.0172,0.0000,0.0030,0.0253,0.0131,0.0115,0.0078,0.0067,109.980003,110.83000200000001,109.949997,110.610001,109.72731,5987200.0
2017-08-02,DIS,US2546871060,2168.0,1826.0,0.1493,0.0318,0.0023,0.0000,0.0019,0.0051,0.0097,0.0028,0.0083,0.0014,0.0377,0.0027,0.0000,0.0022,0.0054,0.0094,0.0033,0.0071,0.0016,109.879997,109.879997,107.519997,108.66999799999999,107.80278799999999,8812700.0
2017-08-03,DIS,US2546871060,1883.0,1731.0,0.1347,0.0106,0.0180,0.0000,0.0027,0.0090,0.0154,0.0048,0.0080,0.0053,0.0110,0.0191,0.0000,0.0029,0.0093,0.0150,0.0046,0.0075,0.0052,108.519997,109.16999799999999,108.050003,109.120003,108.249199,6895800.0
2017-08-04,DIS,US2546871060,168.0,139.0,0.0313,0.0417,0.0060,0.0000,0.0000,0.0179,0.0060,0.0179,0.0000,0.0000,0.0360,0.0072,0.0000,0.0000,0.0216,0.0072,0.0216,0.0000,0.0000,108.230003,108.5,107.32,107.690002,106.83061200000002,8503800.0
2017-08-07,DIS,US2546871060,7589.0,5886.0,0.2348,0.0128,0.0231,0.0004,0.015,0.0197,0.0209,0.0094,0.0102,0.0084,0.0145,0.023,0.0005,0.0173,0.0182,0.0201,0.0119,0.0114,0.0092,107.589996,107.650002,106.110001,106.349998,105.501305,8093100.0
2017-08-08,DIS,US2546871060,13427.0,11036.0,0.5331,0.0137,0.0185,0.0009,0.0230,0.0180,0.0139,0.0073,0.0122,0.0065,0.0146,0.0193,0.0011,0.0241,0.0166,0.0145,0.0081,0.0126,0.0074,106.550003,107.139999,106.18,106.980003,106.126282,9787100.0
2017-08-09,DIS,US2546871060,12065.0,9895.0,0.7275,0.0089,0.0296,0.0041,0.0227,0.0104,0.0253,0.0096,0.0163,0.0113,0.0106,0.0310,0.0039,0.0224,0.0109,0.0257,0.0093,0.0170,0.0112,100.709999,103.0,100.5,102.83000200000001,102.009392,27877600.0
2017-08-10,DIS,US2546871060,6366.0,5018.0,0.3486,0.0068,0.0331,0.0017,0.0085,0.0109,0.0157,0.0056,0.0099,0.0071,0.0085,0.0380,0.0022,0.0097,0.0134,0.0154,0.0051,0.0084,0.0086,102.5,102.82,101.220001,101.349998,100.541199,12259900.0
2017-08-11,DIS,US2546871060,2438.0,2004.0,0.2660,0.0115,0.0295,0.0041,0.0156,0.0156,0.0098,0.0103,0.0037,0.0107,0.0134,0.0329,0.0035,0.0140,0.0165,0.0105,0.0085,0.0035,0.0125,101.25,102.510002,101.029999,101.989998,101.17609399999999,9410400.0
2017-08-14,DIS,US2546871060,11671.0,9575.0,0.4373,0.0136,0.0263,0.0038,0.01,0.0169,0.0174,0.0094,0.0112,0.0108,0.0147,0.0279,0.0037,0.011,0.0174,0.0198,0.0099,0.0085,0.0102,102.800003,102.809998,101.260002,101.400002,100.590805,9584000.0
2017-08-15,DIS,US2546871060,1893.0,1620.0,0.1648,0.0305,0.0129,0.0013,0.0038,0.0104,0.0140,0.0122,0.0095,0.0048,0.0332,0.0134,0.0014,0.0037,0.0109,0.0148,0.0134,0.0099,0.0053,101.629997,102.099998,101.360001,101.510002,100.699928,8868500.0
2017-08-16,DIS,US2546871060,548.0,501.0,0.1848,0.0055,0.0493,0.0018,0.0128,0.0073,0.0109,0.0146,0.0055,0.0128,0.0060,0.0519,0.0020,0.0140,0.0080,0.0100,0.0120,0.0040,0.0140,101.839996,102.650002,101.720001,102.199997,101.384415,6698800.0
2017-08-17,DIS,US2546871060,2039.0,1717.0,0.2660,0.0137,0.0230,0.0005,0.0044,0.0073,0.0225,0.0069,0.0186,0.0088,0.0151,0.0268,0.0006,0.0041,0.0082,0.0221,0.0070,0.0181,0.0093,102.239998,102.589996,101.339996,101.379997,100.570961,6612400.0
2017-08-18,DIS,US2546871060,1699.0,1292.0,0.2002,0.0165,0.0141,0.0047,0.0136,0.0094,0.0253,0.0089,0.0053,0.0165,0.0163,0.0147,0.0046,0.0131,0.0085,0.0240,0.0101,0.0039,0.0185,101.32,101.739998,100.660004,100.699997,99.896385,6893900.0
2017-08-22,DIS,US2546871060,2246.0,1770.0,0.1712,0.0084,0.0205,0.004,0.0053,0.0098,0.0077,0.0046,0.0031,0.0058,0.0085,0.0214,0.0045,0.0045,0.0096,0.0091,0.0079,0.0017,0.0057,101.410004,102.910004,101.16999799999999,102.769997,101.949867,6888700.0
2017-08-23,DIS,US2546871060,388.0,300.0,0.0927,0.0026,0.0464,0.0051,0.0077,0.0000,0.0077,0.0129,0.0026,0.0077,0.0033,0.0567,0.0066,0.0100,0.0000,0.0067,0.0167,0.0000,0.0100,102.480003,102.980003,101.480003,101.5,100.69001,5954400.0
2017-08-24,DIS,US2546871060,1265.0,1027.0,0.1267,0.0205,0.0055,0.0016,0.0024,0.0063,0.0095,0.0024,0.0047,0.0000,0.0253,0.0068,0.0019,0.0019,0.0068,0.0068,0.0029,0.0019,0.0000,101.82,102.029999,101.43,101.519997,100.709846,6976600.0
2017-08-25,DIS,US2546871060,409.0,301.0,0.0807,0.0171,0.0049,0.0000,0.0024,0.0269,0.0049,0.0024,0.0000,0.0000,0.0199,0.0033,0.0000,0.0033,0.0266,0.0033,0.0033,0.0000,0.0000,101.690002,102.690002,101.559998,102.410004,101.592751,6186900.0
2017-08-28,DIS,US2546871060,58.0,0.0,0.0834,0.0000,0.0345,0.0345,0.0000,0.0000,0.0000,0.0000,0.0000,0.0000,0.0000,0.0000,0.0000,0.0000,0.0000,0.0000,0.0000,0.0000,0.0000,102.489998,102.849998,102.08000200000001,102.559998,101.741547,5630400.0
2017-08-29,DIS,US2546871060,444.0,379.0,0.0159,0.0045,0.0248,0.0023,0.0090,0.0158,0.0158,0.0045,0.0068,0.0023,0.0053,0.0237,0.0026,0.0079,0.0158,0.0185,0.0053,0.0079,0.0026,102.0,102.989998,101.82,102.57,101.751465,6011700.0
2017-08-30,DIS,US2546871060,1837.0,1473.0,0.1964,0.0071,0.0223,0.0016,0.0278,0.0049,0.0245,0.0098,0.0201,0.0033,0.0068,0.0217,0.0000,0.0306,0.0041,0.0217,0.0095,0.0183,0.0027,102.480003,103.449997,102.480003,102.870003,102.04908,6573200.0
2017-08-31,DIS,US2546871060,8272.0,6360.0,0.5121,0.0163,0.0273,0.0019,0.0128,0.0183,0.0220,0.0108,0.0131,0.0068,0.0161,0.0285,0.0020,0.0146,0.0197,0.0198,0.0115,0.0110,0.0061,103.0,103.190002,101.0,101.199997,100.392395,9823800.0
2017-09-01,DIS,US2546871060,765.0,688.0,0.1011,0.0092,0.0366,0.0000,0.0353,0.0248,0.0144,0.0092,0.0117,0.0026,0.0102,0.0378,0.0000,0.0349,0.0233,0.0131,0.0102,0.0102,0.0029,101.650002,101.91999799999999,101.360001,101.5,100.69001,7827400.0
2017-09-05,DIS,US2546871060,2847.0,2258.0,0.4500,0.0109,0.0313,0.0060,0.0214,0.0253,0.0175,0.0116,0.0074,0.0239,0.0120,0.0328,0.0053,0.0213,0.0279,0.0155,0.0120,0.0080,0.0243,102.0,102.550003,100.900002,101.599998,100.78920699999999,9346100.0
2017-09-06,DIS,US2546871060,2106.0,1541.0,0.3874,0.0109,0.0332,0.0067,0.0161,0.0200,0.0181,0.0123,0.0047,0.0213,0.0104,0.0338,0.0058,0.0156,0.0221,0.0162,0.0110,0.0046,0.0201,101.760002,102.040001,100.889999,101.5,100.69001,7531000.0
2017-09-07,DIS,US2546871060,18129.0,13274.0,0.3465,0.0089,0.0303,0.0021,0.0238,0.0232,0.0147,0.0064,0.0092,0.0072,0.0085,0.0313,0.0024,0.0290,0.0216,0.0126,0.0068,0.0082,0.0078,101.550003,101.860001,96.199997,97.059998,96.285439,26419400.0
2017-09-08,DIS,US2546871060,3847.0,3131.0,0.4203,0.0073,0.0218,0.0005,0.0096,0.0052,0.0221,0.0047,0.0145,0.0057,0.0083,0.0227,0.0006,0.0099,0.0045,0.0220,0.0054,0.0144,0.0061,96.489998,97.489998,96.260002,97.07,96.295357,13147700.0
2017-09-11,DIS,US2546871060,1643.0,1364.0,0.0443,0.0091,0.0256,0.0,0.0049,0.0097,0.0275,0.0148,0.0275,0.0055,0.011,0.0294,0.0,0.0059,0.0095,0.0205,0.0124,0.022,0.0044,97.900002,98.019997,96.959999,97.089996,96.31519300000001,9610300.0
2017-09-12,DIS,US2546871060,2638.0,2364.0,0.2152,0.0064,0.0209,0.0019,0.0045,0.0288,0.0148,0.0121,0.0114,0.0045,0.0051,0.0224,0.0021,0.0047,0.0284,0.0165,0.0135,0.0127,0.0051,97.589996,98.360001,97.129997,97.889999,97.108818,9151700.0
2017-09-13,DIS,US2546871060,412.0,278.0,0.1728,0.0024,0.0097,0.0024,0.0049,0.0146,0.0073,0.0097,0.0073,0.0000,0.0036,0.0144,0.0036,0.0072,0.0216,0.0108,0.0144,0.0108,0.0000,98.239998,98.949997,98.019997,98.82,98.03139499999999,7615300.0
2017-09-15,DIS,US2546871060,2598.0,2030.0,0.1165,0.0023,0.0339,0.0000,0.0115,0.0031,0.0077,0.0146,0.0038,0.0100,0.0020,0.0345,0.0000,0.0138,0.0040,0.0079,0.0167,0.0029,0.0099,98.050003,98.93,98.0,98.519997,97.733788,23870300.0
2017-09-18,DIS,US2546871060,2518.0,2116.0,0.1985,0.0119,0.0238,0.0012,0.0147,0.0179,0.0183,0.0079,0.0083,0.0103,0.0128,0.0251,0.0014,0.0156,0.0198,0.0165,0.0076,0.0085,0.0108,98.389999,98.720001,97.720001,98.099998,97.317139,7013600.0
2017-09-19,DIS,US2546871060,212.0,176.0,0.1067,0.0189,0.0331,0.0000,0.0142,0.0283,0.0331,0.0094,0.0331,0.0048,0.0170,0.0398,0.0000,0.0170,0.0284,0.0398,0.0114,0.0398,0.0057,98.230003,98.66999799999999,98.08000200000001,98.43,97.644508,6970300.0
2017-09-20,DIS,US2546871060,313.0,265.0,0.0047,0.0000,0.0351,0.0000,0.0064,0.0000,0.0160,0.0000,0.0032,0.0032,0.0000,0.0340,0.0000,0.0075,0.0000,0.0189,0.0000,0.0038,0.0038,98.760002,99.279999,98.620003,99.209999,98.41828199999999,6459100.0
2017-09-21,DIS,US2546871060,67.0,40.0,0.0898,0.0150,0.0000,0.0000,0.0000,0.0000,0.0000,0.0150,0.0000,0.0000,0.0000,0.0000,0.0000,0.0000,0.0000,0.0000,0.0250,0.0000,0.0000,99.190002,99.389999,98.75,98.889999,98.100838,4958000.0
2017-09-25,DIS,US2546871060,4106.0,2692.0,0.1441,0.0147,0.02,0.0004,0.0147,0.025,0.0329,0.0021,0.0283,0.0091,0.0141,0.0164,0.0001,0.0164,0.0213,0.0243,0.0025,0.0119,0.0084,98.599998,99.650002,98.41999799999999,99.57,98.775406,7492500.0
2017-09-26,DIS,US2546871060,667.0,565.0,0.2624,0.0049,0.0165,0.0000,0.0000,0.0151,0.0124,0.0045,0.0107,0.0015,0.0018,0.0177,0.0000,0.0000,0.0160,0.0124,0.0053,0.0106,0.0018,99.639999,99.739998,98.610001,98.629997,97.842911,6220500.0
2017-09-27,DIS,US2546871060,1005.0,869.0,0.1242,0.0109,0.0348,0.0020,0.0109,0.0129,0.0109,0.0080,0.0020,0.0069,0.0103,0.0379,0.0023,0.0126,0.0149,0.0103,0.0081,0.0023,0.0069,98.970001,99.529999,98.019997,99.239998,98.448044,7596600.0
2017-09-29,DIS,US2546871060,2921.0,2358.0,0.2092,0.0185,0.0079,0.0000,0.0086,0.0113,0.0130,0.0103,0.0044,0.0031,0.0199,0.0085,0.0000,0.0093,0.0123,0.0140,0.0072,0.0051,0.0025,97.889999,98.589996,97.660004,98.57,97.783386,8185900.0
2017-10-02,DIS,US2546871060,6341.0,5006.0,0.3176,0.0201,0.0103,0.0005,0.012,0.0166,0.0180,0.0088,0.0063,0.0037,0.0209,0.0106,0.0006,0.0124,0.0179,0.0167,0.006,0.0056,0.0024,99.309998,100.440002,99.110001,99.860001,99.06309499999999,6923300.0
2017-10-03,DIS,US2546871060,1492.0,1068.0,0.1615,0.0094,0.0234,0.0000,0.0061,0.0101,0.0067,0.0061,0.0027,0.0034,0.0112,0.0262,0.0000,0.0075,0.0093,0.0084,0.0047,0.0038,0.0037,100.050003,100.849998,99.910004,100.790001,99.985672,5447700.0
2017-10-04,DIS,US2546871060,3481.0,2546.0,0.3609,0.0135,0.0215,0.0006,0.0112,0.0187,0.0135,0.0086,0.0029,0.0118,0.0142,0.0220,0.0008,0.0118,0.0177,0.0134,0.0079,0.0024,0.0126,100.739998,100.93,100.199997,100.550003,99.747589,5126100.0
2017-10-05,DIS,US2546871060,1898.0,1422.0,0.2068,0.0158,0.0200,0.0010,0.0095,0.0274,0.0195,0.0084,0.0026,0.0174,0.0176,0.0211,0.0014,0.0112,0.0275,0.0183,0.0091,0.0021,0.0169,100.639999,100.870003,100.019997,100.110001,99.311104,4736700.0
2017-10-06,DIS,US2546871060,3313.0,2547.0,0.2993,0.0142,0.0166,0.0006,0.0109,0.0184,0.0163,0.0096,0.0048,0.0097,0.0153,0.0145,0.0008,0.0098,0.0192,0.0161,0.0075,0.0055,0.0083,99.949997,100.269997,99.339996,100.07,99.271416,4360200.0
2017-10-09,DIS,US2546871060,10383.0,8696.0,0.4913,0.015,0.0214,0.001,0.0112,0.0156,0.0143,0.0071,0.0095,0.0067,0.014,0.0211,0.0009,0.0123,0.0135,0.0116,0.0091,0.0057,0.0072,100.809998,100.980003,99.449997,99.57,98.775406,5429600.0
2017-10-11,DIS,US2546871060,2742.0,2276.0,0.2775,0.0197,0.0077,0.0000,0.0084,0.0135,0.0153,0.0120,0.0036,0.0033,0.0211,0.0079,0.0000,0.0088,0.0149,0.0171,0.0093,0.0044,0.0026,99.58000200000001,99.58000200000001,98.050003,98.550003,97.76355,7984000.0
2017-10-12,DIS,US2546871060,1784.0,1272.0,0.4694,0.0146,0.0280,0.0000,0.0320,0.0135,0.0123,0.0157,0.0045,0.0051,0.0173,0.0205,0.0000,0.0252,0.0141,0.0141,0.0102,0.0055,0.0047,97.559998,97.82,96.809998,96.93,96.156479,11018200.0
2017-10-13,DIS,US2546871060,1979.0,1598.0,0.3201,0.0187,0.0192,0.0005,0.0182,0.0141,0.0101,0.0101,0.0025,0.0031,0.0206,0.0200,0.0006,0.0182,0.0162,0.0112,0.0063,0.0031,0.0025,96.800003,97.68,96.800003,97.379997,96.602882,6858000.0
2017-10-16,DIS,US2546871060,3772.0,3129.0,0.2008,0.0178,0.014,0.0,0.0077,0.0273,0.0075,0.0061,0.0009,0.0034,0.0173,0.0138,0.0,0.0083,0.0295,0.0121,0.0118,0.0041,0.0023,97.639999,98.269997,97.540001,98.129997,97.346901,4911600.0
2017-10-17,DIS,US2546871060,7457.0,6459.0,0.3628,0.0181,0.0110,0.0001,0.0042,0.0265,0.0160,0.0118,0.0094,0.0040,0.0200,0.0082,0.0000,0.0039,0.0280,0.0156,0.0127,0.0098,0.0037,98.400002,98.470001,97.860001,98.360001,97.575066,5942500.0
2017-10-18,DIS,US2546871060,1649.0,1240.0,0.2222,0.0109,0.0419,0.0006,0.0043,0.0103,0.0115,0.0097,0.0055,0.0091,0.0121,0.0419,0.0008,0.0024,0.0113,0.0129,0.0105,0.0048,0.0113,98.360001,98.489998,97.550003,98.25,97.465942,5404300.0
2017-10-19,DIS,US2546871060,1258.0,1139.0,0.1388,0.0080,0.0151,0.0000,0.0016,0.0135,0.0080,0.0032,0.0024,0.0016,0.0070,0.0158,0.0000,0.0017,0.0149,0.0087,0.0017,0.0026,0.0018,98.190002,99.300003,98.110001,99.010002,98.219879,5634300.0
2017-10-20,DIS,US2546871060,1679.0,1533.0,0.1850,0.0084,0.0084,0.0000,0.0024,0.0143,0.0095,0.0047,0.0048,0.0030,0.0078,0.0084,0.0000,0.0026,0.0150,0.0085,0.0039,0.0039,0.0026,99.449997,99.660004,98.940002,99.400002,98.60676600000001,5938700.0
2017-10-23,DIS,US2546871060,7242.0,6165.0,0.2940,0.0138,0.0058,0.0,0.004,0.0199,0.0200,0.0013,0.0055,0.0047,0.014,0.0041,0.0,0.0034,0.0204,0.0177,0.0018,0.0044,0.0052,99.120003,99.18,98.629997,98.699997,97.912346,5888200.0
2017-10-24,DIS,US2546871060,4005.0,3288.0,0.2081,0.0157,0.0060,0.0000,0.0042,0.0189,0.0227,0.0017,0.0078,0.0053,0.0167,0.0037,0.0000,0.0033,0.0189,0.0243,0.0015,0.0079,0.0064,98.519997,98.860001,98.059998,98.290001,97.505623,4966200.0
2017-10-25,DIS,US2546871060,1816.0,1448.0,0.1390,0.0187,0.0077,0.0000,0.0055,0.0198,0.0264,0.0000,0.0077,0.0077,0.0207,0.0041,0.0000,0.0041,0.0193,0.0290,0.0000,0.0083,0.0097,98.050003,98.220001,97.449997,97.800003,97.019539,5144400.0
2017-10-26,DIS,US2546871060,1816.0,1448.0,0.1176,0.0187,0.0077,0.0000,0.0055,0.0198,0.0264,0.0000,0.0077,0.0077,0.0207,0.0041,0.0000,0.0041,0.0193,0.0290,0.0000,0.0083,0.0097,97.58000200000001,99.480003,97.25,98.559998,97.77346800000001,6167500.0
2017-10-27,DIS,US2546871060,5786.0,3342.0,0.0984,0.0255,0.0332,0.0000,0.0259,0.0387,0.0052,0.0024,0.0021,0.0035,0.0281,0.0359,0.0000,0.0323,0.0515,0.0054,0.0006,0.0018,0.0036,97.900002,98.360001,96.889999,98.309998,97.525459,7868700.0
2017-10-30,DIS,US2546871060,3708.0,3014.0,0.2191,0.0156,0.0224,0.0038,0.0078,0.0132,0.0124,0.0049,0.0016,0.0081,0.0149,0.0199,0.0036,0.0067,0.0123,0.0123,0.0046,0.0013,0.0070,98.120003,98.33000200000001,97.699997,98.040001,97.257622,7093200.0
2017-10-31,DIS,US2546871060,1685.0,1378.0,0.2507,0.0237,0.0220,0.0000,0.0119,0.0309,0.0160,0.0172,0.0077,0.0190,0.0240,0.0225,0.0000,0.0116,0.0312,0.0159,0.0181,0.0087,0.0182,97.940002,98.089996,97.379997,97.809998,97.029449,5701700.0
2017-11-03,DIS,US2546871060,4471.0,3673.0,0.1600,0.0186,0.0096,0.0002,0.0049,0.0022,0.0177,0.0032,0.0125,0.0022,0.0226,0.0109,0.0003,0.0047,0.0025,0.0128,0.0038,0.0088,0.0027,98.360001,99.379997,97.900002,98.639999,97.852829,5416900.0
2017-11-06,DIS,US2546871060,12253.0,10195.0,0.6283,0.0166,0.0194,0.0023,0.0072,0.0175,0.0135,0.0104,0.0068,0.0078,0.0173,0.0188,0.0025,0.0073,0.0189,0.0145,0.0103,0.0075,0.0086,98.370003,101.129997,98.349998,100.639999,99.83686800000001,14728700.0
2017-11-07,DIS,US2546871060,7256.0,5970.0,0.2273,0.0133,0.0307,0.0019,0.0098,0.0126,0.0061,0.0095,0.0023,0.0061,0.0149,0.0259,0.0023,0.0104,0.0115,0.0062,0.0112,0.0017,0.0074,101.290001,102.900002,100.739998,101.610001,100.799133,12177500.0
2017-11-08,DIS,US2546871060,2651.0,2261.0,0.1401,0.0110,0.0129,0.0000,0.0045,0.0151,0.0110,0.0140,0.0056,0.0091,0.0128,0.0128,0.0000,0.0049,0.0141,0.0124,0.0163,0.0062,0.0106,101.879997,102.0,100.41999799999999,101.18,100.372559,8023200.0
2017-11-09,DIS,US2546871060,12644.0,12928.0,0.6259,0.0158,0.0190,0.0001,0.0249,0.0256,0.0096,0.0045,0.0080,0.0068,0.0154,0.0172,0.0002,0.0224,0.0230,0.0093,0.0042,0.0077,0.0074,100.83000200000001,103.910004,100.800003,102.68,101.860588,13172500.0
2017-11-10,DIS,US2546871060,12418.0,9564.0,0.4632,0.0078,0.0281,0.0017,0.0164,0.0148,0.0168,0.0034,0.0126,0.0051,0.0066,0.0283,0.0008,0.0166,0.0162,0.0157,0.0041,0.0110,0.0059,104.989998,106.239998,104.08000200000001,104.779999,103.943832,16701500.0
2017-11-13,DIS,US2546871060,2997.0,2203.0,0.2494,0.0107,0.0351,0.001,0.0144,0.0197,0.0173,0.0164,0.0064,0.0114,0.0082,0.0377,0.0014,0.0104,0.0159,0.0154,0.0109,0.009,0.0114,104.139999,105.139999,103.980003,104.739998,103.904152,7856000.0
2017-11-14,DIS,US2546871060,4004.0,3178.0,0.2573,0.0130,0.0157,0.0002,0.0132,0.0135,0.0084,0.0102,0.0000,0.0055,0.0110,0.0078,0.0003,0.0091,0.0145,0.0044,0.0069,0.0000,0.0032,104.57,104.57,103.0,103.16999799999999,102.34668,6929300.0
2017-11-15,DIS,US2546871060,4869.0,3831.0,0.3587,0.0154,0.0129,0.0000,0.0105,0.0154,0.0156,0.0062,0.0033,0.0066,0.0154,0.0067,0.0000,0.0075,0.0159,0.0138,0.0041,0.0037,0.0058,102.75,103.959999,102.449997,103.690002,102.862534,5691500.0
2017-11-16,DIS,US2546871060,4609.0,3579.0,0.2743,0.0128,0.0126,0.0004,0.0117,0.0148,0.0141,0.0111,0.0074,0.0069,0.0114,0.0075,0.0000,0.0089,0.0145,0.0081,0.0097,0.0064,0.0048,103.629997,103.980003,102.760002,103.599998,102.773247,6410900.0
2017-11-17,DIS,US2546871060,3359.0,2654.0,0.2622,0.0104,0.0137,0.0003,0.0122,0.0128,0.0086,0.0086,0.0015,0.0063,0.0087,0.0067,0.0004,0.0087,0.0139,0.0049,0.0064,0.0015,0.0038,103.220001,103.989998,102.970001,103.440002,102.614525,7500800.0
2017-11-20,DIS,US2546871060,8327.0,6461.0,0.3325,0.0134,0.0168,0.002,0.0106,0.0153,0.0079,0.0097,0.0002,0.007,0.0133,0.0133,0.0022,0.0076,0.0169,0.0052,0.0091,0.0002,0.0056,103.41999799999999,103.41999799999999,102.699997,102.75,101.930031,5112600.0
2017-11-21,DIS,US2546871060,6381.0,4694.0,0.3748,0.0132,0.0439,0.0006,0.0047,0.0103,0.0111,0.0047,0.0014,0.0077,0.0171,0.0479,0.0009,0.0058,0.0130,0.0109,0.0049,0.0019,0.0096,102.970001,103.16999799999999,102.790001,103.0,102.17804,5725900.0
2017-11-22,DIS,US2546871060,4069.0,3606.0,0.4060,0.0196,0.0229,0.0013,0.0062,0.0106,0.0128,0.0081,0.0054,0.0061,0.0222,0.0228,0.0014,0.0069,0.0119,0.0139,0.0077,0.0061,0.0069,103.220001,103.32,102.690002,102.739998,101.920113,4140700.0
2017-11-27,DIS,US2546871060,2218.0,1978.0,0.1258,0.0217,0.0149,0.0009,0.0099,0.0158,0.0180,0.0064,0.0000,0.0068,0.0243,0.0142,0.001,0.0096,0.0166,0.0157,0.0081,0.004,0.0066,102.629997,102.970001,102.379997,102.790001,101.969711,4007500.0
2017-11-28,DIS,US2546871060,1072.0,724.0,0.2147,0.0037,0.0112,0.0000,0.0112,0.0187,0.0112,0.0112,0.0000,0.0112,0.0055,0.0166,0.0000,0.0166,0.0110,0.0166,0.0166,0.0000,0.0166,102.559998,103.879997,102.16999799999999,103.410004,102.58476999999999,8401100.0
2017-11-29,DIS,US2546871060,2770.0,2151.0,0.3307,0.0090,0.0209,0.0007,0.0133,0.0134,0.0231,0.0090,0.0123,0.0101,0.0079,0.0232,0.0009,0.0139,0.0135,0.0260,0.0093,0.0139,0.0130,103.5,106.260002,103.43,105.239998,104.400162,14503100.0
2017-11-30,DIS,US2546871060,531.0,357.0,0.1592,0.0094,0.0301,0.0019,0.0207,0.0302,0.0301,0.0151,0.0169,0.0075,0.0028,0.0308,0.0028,0.0196,0.0309,0.0336,0.0140,0.0224,0.0112,105.360001,105.709999,104.470001,104.82,103.983513,9949000.0
2017-12-01,DIS,US2546871060,693.0,552.0,0.1757,0.0115,0.0476,0.0000,0.0115,0.0202,0.0087,0.0043,0.0086,0.0072,0.0090,0.0561,0.0000,0.0091,0.0217,0.0091,0.0054,0.0055,0.0090,104.58000200000001,105.849998,103.870003,105.25,104.41008000000001,9258400.0
2017-12-04,DIS,US2546871060,6829.0,5012.0,0.2734,0.018,0.0159,0.0,0.0086,0.0404,0.0128,0.0121,0.0036,0.0068,0.0178,0.0193,0.0,0.0074,0.0431,0.0134,0.0098,0.0044,0.0078,106.5,112.66999799999999,106.5,110.220001,109.340424,17824000.0
2017-12-05,DIS,US2546871060,1324.0,1053.0,0.0977,0.0091,0.0196,0.0007,0.0106,0.0204,0.0151,0.0053,0.0038,0.0159,0.0095,0.0199,0.0009,0.0114,0.0199,0.0152,0.0038,0.0029,0.0171,109.529999,110.040001,106.519997,107.220001,106.36436499999999,13055600.0
2017-12-06,DIS,US2546871060,7771.0,6384.0,0.4755,0.0100,0.0273,0.0003,0.0060,0.0174,0.0103,0.0109,0.0025,0.0093,0.0107,0.0281,0.0003,0.0058,0.0174,0.0111,0.0114,0.0031,0.0101,107.16999799999999,107.989998,105.360001,105.459999,104.618401,8121700.0
2017-12-07,DIS,US2546871060,2556.0,2151.0,0.2758,0.0247,0.0043,0.0000,0.0031,0.0247,0.0082,0.0094,0.0039,0.0090,0.0270,0.0032,0.0000,0.0019,0.0247,0.0079,0.0102,0.0042,0.0093,105.739998,106.0,104.489998,105.260002,104.420006,9948600.0
2017-12-08,DIS,US2546871060,804.0,664.0,0.1123,0.0087,0.0224,0.0050,0.0038,0.0348,0.0112,0.0124,0.0050,0.0124,0.0105,0.0256,0.0060,0.0045,0.0362,0.0106,0.0135,0.0045,0.0045,104.910004,104.980003,104.08000200000001,104.230003,104.230003,6536600.0
2017-12-11,DIS,US2546871060,5311.0,4320.0,0.1667,0.019,0.0179,0.0027,0.0079,0.0145,0.0158,0.0083,0.0061,0.0068,0.018,0.0196,0.0032,0.0088,0.0134,0.0127,0.0132,0.007,0.0076,104.870003,106.839996,104.769997,106.83000200000001,106.83000200000001,7434000.0
2017-12-12,DIS,US2546871060,1548.0,1183.0,0.1926,0.0110,0.0051,0.0000,0.0019,0.0097,0.0110,0.0013,0.0045,0.0071,0.0076,0.0067,0.0000,0.0025,0.0059,0.0059,0.0017,0.0025,0.0093,107.139999,107.83000200000001,106.589996,107.43,107.43,8147000.0
2017-12-13,DIS,US2546871060,1729.0,1285.0,0.3249,0.0092,0.0318,0.0011,0.0040,0.0058,0.0115,0.0040,0.0035,0.0087,0.0078,0.0288,0.0008,0.0039,0.0047,0.0101,0.0055,0.0023,0.0086,108.150002,108.190002,106.75,107.610001,107.610001,10368300.0
2017-12-14,DIS,US2546871060,24019.0,20710.0,0.7157,0.0157,0.0163,0.0004,0.0059,0.0150,0.0217,0.0061,0.0159,0.0168,0.0170,0.0167,0.0005,0.0057,0.0158,0.0225,0.0066,0.0166,0.0189,107.290001,111.540001,107.199997,110.57,110.57,27571300.0
2017-12-15,DIS,US2546871060,7533.0,6088.0,0.5524,0.0186,0.0156,0.0012,0.0109,0.0229,0.0222,0.0089,0.0125,0.0105,0.0189,0.0174,0.0015,0.0108,0.0219,0.0222,0.0095,0.0130,0.0117,111.980003,112.0,110.599998,111.269997,111.269997,19978600.0
2017-12-18,DIS,US2546871060,16105.0,12914.0,0.3848,0.0139,0.0196,0.0008,0.0072,0.0194,0.0115,0.0062,0.0041,0.0097,0.013,0.0199,0.0009,0.0077,0.0174,0.0158,0.0086,0.0081,0.0099,111.839996,111.989998,110.309998,111.029999,111.029999,12270000.0
2017-12-19,DIS,US2546871060,7147.0,6419.0,0.3988,0.0096,0.0242,0.0018,0.0111,0.0150,0.0122,0.0152,0.0063,0.0088,0.0093,0.0238,0.0016,0.0109,0.0154,0.0109,0.0153,0.0061,0.0081,111.33000200000001,112.389999,110.769997,111.809998,111.809998,10546600.0
2017-12-20,DIS,US2546871060,939.0,762.0,0.2118,0.0107,0.0107,0.0000,0.0064,0.0064,0.0213,0.0074,0.0085,0.0021,0.0131,0.0105,0.0000,0.0053,0.0079,0.0263,0.0079,0.0105,0.0026,111.620003,112.300003,109.690002,109.690002,109.690002,8661100.0
2017-12-21,DIS,US2546871060,1524.0,1251.0,0.1285,0.0151,0.0302,0.0053,0.0026,0.0210,0.0086,0.0059,0.0053,0.0053,0.0152,0.0304,0.0056,0.0024,0.0216,0.0080,0.0048,0.0048,0.0048,109.720001,111.089996,109.190002,109.57,109.57,9372800.0
2017-12-22,DIS,US2546871060,2661.0,2290.0,0.1605,0.0147,0.0225,0.0038,0.0038,0.0124,0.0150,0.0064,0.0098,0.0079,0.0148,0.0205,0.0044,0.0026,0.0118,0.0170,0.0065,0.0100,0.0083,109.489998,109.690002,108.449997,108.66999799999999,108.66999799999999,7378400.0
2017-12-26,DIS,US2546871060,1817.0,1488.0,0.1621,0.022,0.0071,0.0,0.0022,0.0066,0.0241,0.0064,0.0085,0.0055,0.0235,0.0054,0.0,0.0027,0.0068,0.0242,0.0054,0.0094,0.0061,108.489998,109.370003,107.889999,108.120003,108.120003,3982400.0
2017-12-27,DIS,US2546871060,1977.0,1700.0,0.1884,0.0238,0.0172,0.0000,0.0015,0.0055,0.0329,0.0106,0.0167,0.0116,0.0271,0.0141,0.0000,0.0018,0.0047,0.0306,0.0123,0.0141,0.0129,108.41999799999999,108.550003,107.459999,107.639999,107.639999,5624000.0
2017-12-28,DIS,US2546871060,1775.0,1566.0,0.2045,0.0282,0.0316,0.0000,0.0147,0.0394,0.0169,0.0073,0.0022,0.0073,0.0281,0.0357,0.0000,0.0166,0.0389,0.0147,0.0077,0.0000,0.0083,108.0,108.050003,107.059998,107.769997,107.769997,3477700.0
2017-12-29,DIS,US2546871060,3033.0,2427.0,0.1336,0.0221,0.0313,0.0017,0.0135,0.0284,0.0207,0.0148,0.0119,0.0128,0.0227,0.0346,0.0021,0.0116,0.0297,0.0193,0.0161,0.0079,0.0132,108.050003,108.339996,107.510002,107.510002,107.510002,4538400.0
